,Date,salesQ,skuNum
0,2015-11-12,3,FTR-BLUE
1,2015-11-12,6,FTR-BLUE1000
2,2015-11-12,5,FTRCC-BAY
3,2015-11-12,22,FTRCC-BBL1000
4,2015-11-12,22,FTRCC-BLBLZ1000
5,2015-11-12,6,FTRCC-BLKWVE
6,2015-11-12,20,FTRCC-BLSM
7,2015-11-12,37,FTRCC-BRD
8,2015-11-12,2,FTRCC-BSSLET
9,2015-11-12,21,FTRCC-BTF500
10,2015-11-12,5,FTRCC-BTF750
11,2015-11-12,5,FTRCC-CAMO
12,2015-11-12,17,FTRCC-CLD500
13,2015-11-12,13,FTRCC-DFD350
14,2015-11-12,5,FTRCC-DOT
15,2015-11-12,27,FTRCC-ELCTRC1000
16,2015-11-12,9,FTRCC-FRST
17,2015-11-12,16,FTRCC-GLT350
18,2015-11-12,5,FTRCC-MSS
19,2015-11-12,28,FTRCC-PCE
20,2015-11-12,14,FTRCC-PRSM
21,2015-11-12,6,FTRCC-SKTCH
22,2015-11-12,10,FTRCC-SLF750
23,2015-11-12,15,FTRCC-SNST500
24,2015-11-12,11,FTRCC-SPRNG500
25,2015-11-12,10,FTRCC-STRM
26,2015-11-12,7,FTRCC-SUN
27,2015-11-12,19,FTRCC-SUNSET
28,2015-11-12,6,FTRCC-TBE
29,2015-11-12,5,FTRCC-TSNBLUE
30,2015-11-12,14,FTRCC-WIND
31,2015-11-12,22,FTRCC-WNDR
32,2015-11-12,5,FTRCC-WSH
33,2015-11-12,16,FTRCC-WTWTR1000
34,2015-11-12,12,FTR-FLBL500
35,2015-11-12,4,FTR-GLD
36,2015-11-12,2,FTR-GRN
37,2015-11-12,6,FTR-HTPNK500
38,2015-11-12,6,FTR-MNT
39,2015-11-12,2,FTR-RED
40,2015-11-12,7,FTR-SILVER1000
41,2015-11-12,8,FTR-SLV
42,2015-11-12,2,FTR-SLV500
43,2015-11-12,25,FTR-WOODGRAIN
44,2015-09-17,5,FTR-BLK
45,2015-09-17,3,FTR-BLUE
46,2015-09-17,1,FTR-BLUE500
47,2015-09-17,10,FTRCC-ABSTR500
48,2015-09-17,7,FTRCC-BAY
49,2015-09-17,1,FTRCC-BLBCHS
50,2015-09-17,2,FTRCC-BLBLZ1000
51,2015-09-17,4,FTRCC-BLKWVE
52,2015-09-17,3,FTRCC-BLKWVE1000
53,2015-09-17,22,FTRCC-BMB750
54,2015-09-17,5,FTRCC-BRD
55,2015-09-17,1,FTRCC-BRD500
56,2015-09-17,9,FTRCC-BSSLET
57,2015-09-17,5,FTRCC-BSSLETGRN
58,2015-09-17,1,FTRCC-BTF500
59,2015-09-17,19,FTRCC-BTF750
60,2015-09-17,3,FTRCC-CAMO
61,2015-09-17,5,FTRCC-DOT
62,2015-09-17,2,FTRCC-ELCTRC1000
63,2015-09-17,4,FTRCC-FRST
64,2015-09-17,5,FTRCC-MSS
65,2015-09-17,11,FTRCC-OCN750
66,2015-09-17,1,FTRCC-PCE
67,2015-09-17,5,FTRCC-PRSM
68,2015-09-17,25,FTRCC-PTNT1000
69,2015-09-17,3,FTRCC-SLF750
70,2015-09-17,20,FTRCC-SNG
71,2015-09-17,9,FTRCC-STRM
72,2015-09-17,2,FTRCC-SUN
73,2015-09-17,25,FTRCC-SUN1000
74,2015-09-17,3,FTRCC-TBE
75,2015-09-17,7,FTRCC-TSNBLUE
76,2015-09-17,10,FTRCC-WIND
77,2015-09-17,7,FTRCC-WNDW500
78,2015-09-17,2,FTRCC-WSH
79,2015-09-17,24,FTRCC-WTWTR1000
80,2015-09-17,4,FTR-GLD
81,2015-09-17,3,FTR-GRN
82,2015-09-17,3,FTR-MNT
83,2015-09-17,14,FTR-SILVER1000
84,2015-09-17,4,FTR-SLV
133,2014-07-15,14,FTR-BLUE
134,2014-07-15,34,FTRCC-ANGL
135,2014-07-15,5,FTRCC-AUTUMN
136,2014-07-15,21,FTRCC-BIGBLU
137,2014-07-15,5,FTRCC-BLBCHS
138,2014-07-15,33,FTRCC-BLKWVE
139,2014-07-15,37,FTRCC-BSSLET
140,2014-07-15,34,FTRCC-FRST
141,2014-07-15,5,FTRCC-NOVA
142,2014-07-15,5,FTRCC-RNBW
143,2014-07-15,29,FTRCC-SEA500
144,2014-07-15,20,FTRCC-WIND
145,2014-07-15,7,FTR-GRN
146,2014-07-15,40,FTR-SILVER1000
147,2014-07-15,18,FTR-SLV
148,2016-09-15,9,FTR-BLUE1000
149,2016-09-15,4,FTRCC-BEAM
150,2016-09-15,19,FTRCC-BLBLZ1000
151,2016-09-15,2,FTRCC-BRD
152,2016-09-15,2,FTRCC-BSSLET
153,2016-09-15,13,FTRCC-BTF500
154,2016-09-15,10,FTRCC-BTF750
155,2016-09-15,22,FTRCC-CLM500
156,2016-09-15,26,FTRCC-CRCT1000
157,2016-09-15,10,FTRCC-CRNT500
158,2016-09-15,4,FTRCC-DEEP
159,2016-09-15,13,FTRCC-DFD350
160,2016-09-15,17,FTRCC-DGN500
161,2016-09-15,6,FTRCC-DRM
162,2016-09-15,9,FTRCC-ELCTRC1000
163,2016-09-15,8,FTRCC-FLK350
164,2016-09-15,1,FTRCC-KOFE500
165,2016-09-15,16,FTRCC-KORU1000
166,2016-09-15,6,FTRCC-MDNT1000
167,2016-09-15,10,FTRCC-MSS
168,2016-09-15,5,FTRCC-MST
169,2016-09-15,19,FTRCC-ORNT
170,2016-09-15,1,FTRCC-PCE
171,2016-09-15,8,FTRCC-PRSM
172,2016-09-15,2,FTRCC-SKTCH
173,2016-09-15,13,FTRCC-SLF750
174,2016-09-15,2,FTRCC-SNST500
175,2016-09-15,12,FTRCC-SPRNG500
176,2016-09-15,2,FTRCC-STTC
177,2016-09-15,2,FTRCC-TARX
178,2016-09-15,2,FTR-FLBL500
179,2016-09-15,5,FTR-GLD
180,2016-09-15,2,FTR-HTPNK500
181,2016-09-15,10,FTR-MNT
182,2016-09-15,9,FTR-SLV
183,2016-09-15,3,FTR-WOOD500
184,2016-09-15,23,FTR-WOODGRAIN
198,2017-03-03,1,FTRCC-POOL
199,2017-03-05,1,FTRCC-POOL
200,2016-03-11,1,FTR-BLUE
201,2016-03-11,1,FTR-BLUE1000
202,2016-03-11,3,FTR-FLBL500
203,2016-03-11,2,FTR-GLD
204,2016-03-11,1,FTR-GRN
205,2016-03-11,2,FTR-HTPNK500
206,2016-03-11,3,FTR-MNT
207,2016-03-11,2,FTR-SILVER1000
208,2016-03-11,4,FTR-SLV
209,2016-03-11,5,FTR-SLV500
210,2016-03-11,2,FTR-WOOD500
211,2016-03-11,7,FTR-WOODGRAIN
212,2016-03-11,1,FTRCC-BAY
213,2016-03-11,10,FTRCC-BBL1000
214,2016-03-11,8,FTRCC-BLBLZ1000
215,2016-03-11,12,FTRCC-BLSM
216,2016-03-11,3,FTRCC-BMB750
217,2016-03-11,9,FTRCC-BRD
218,2016-03-11,8,FTRCC-BTF500
219,2016-03-11,11,FTRCC-CHLL
220,2016-03-11,8,FTRCC-CLD500
221,2016-03-11,9,FTRCC-DEEP
222,2016-03-11,10,FTRCC-DFD350
223,2016-03-11,8,FTRCC-DRM
224,2016-03-11,8,FTRCC-FLK350
225,2016-03-11,4,FTRCC-KOFE500
226,2016-03-11,11,FTRCC-MDNT1000
227,2016-03-11,2,FTRCC-MSS
228,2016-03-11,3,FTRCC-PCE
229,2016-03-11,3,FTRCC-PRSM
230,2016-03-11,4,FTRCC-SHMR
231,2016-03-11,6,FTRCC-SKTCH
232,2016-03-11,10,FTRCC-SLF750
233,2016-03-11,6,FTRCC-SNST500
234,2016-03-11,3,FTRCC-SPRNG500
235,2016-03-11,8,FTRCC-STTC
236,2016-03-11,2,FTRCC-SUNSET
237,2016-03-11,2,FTRCC-TBE
238,2016-03-11,12,FTRCC-WNDR
239,2016-03-11,3,FTRCC-WRM
240,2016-03-11,4,FTRCC-WSH
241,2016-03-11,11,FTRCC-WTWTR1000
242,2016-04-15,5,FTR-BLUE
243,2016-04-15,4,FTR-BLUE1000
244,2016-04-15,1,FTR-FLBL500
245,2016-04-15,10,FTR-GLD
246,2016-04-15,1,FTR-HTPNK500
247,2016-04-15,6,FTR-MNT
248,2016-04-15,5,FTR-RED
249,2016-04-15,11,FTR-SILVER1000
250,2016-04-15,7,FTR-SLV
251,2016-04-15,4,FTR-SLV500
252,2016-04-15,1,FTR-WOOD500
253,2016-04-15,15,FTR-WOODGRAIN
254,2016-04-15,3,FTRCC-BAY
255,2016-04-15,6,FTRCC-BBL1000
256,2016-04-15,8,FTRCC-BLBLZ1000
257,2016-04-15,14,FTRCC-BLSM
258,2016-04-15,3,FTRCC-BMB750
259,2016-04-15,10,FTRCC-BRD
260,2016-04-15,12,FTRCC-BTF500
261,2016-04-15,4,FTRCC-BTF750
262,2016-04-15,10,FTRCC-CHLL
263,2016-04-15,12,FTRCC-CLD500
264,2016-04-15,10,FTRCC-DEEP
265,2016-04-15,10,FTRCC-DFD350
266,2016-04-15,9,FTRCC-DRM
267,2016-04-15,3,FTRCC-FLK350
268,2016-04-15,2,FTRCC-GLT350
269,2016-04-15,9,FTRCC-KOFE500
270,2016-04-15,11,FTRCC-MDNT1000
271,2016-04-15,4,FTRCC-MSS
272,2016-04-15,15,FTRCC-PCE
273,2016-04-15,5,FTRCC-PRSM
274,2016-04-15,5,FTRCC-PTNT1000
275,2016-04-15,5,FTRCC-SHMR
276,2016-04-15,3,FTRCC-SKTCH
277,2016-04-15,7,FTRCC-SNST500
278,2016-04-15,14,FTRCC-SPRNG500
279,2016-04-15,11,FTRCC-STTC
280,2016-04-15,2,FTRCC-SUNSET
281,2016-04-15,11,FTRCC-WNDR
282,2016-04-15,7,FTRCC-WRM
283,2016-04-15,7,FTRCC-WSH
284,2016-04-15,8,FTRCC-WTWTR1000
285,2015-07-31,2,FTR-BLUE1000
286,2015-07-31,2,FTR-BLUE500
287,2015-07-31,5,FTR-GLD
288,2015-07-31,3,FTR-GOLD500
289,2015-07-31,5,FTR-MNT
290,2015-07-31,1,FTR-SILVER1000
291,2015-07-31,4,FTR-SLV
292,2015-07-31,6,FTRCC-BLBLZ1000
293,2015-07-31,10,FTRCC-BLKWVE
294,2015-07-31,15,FTRCC-BMB750
295,2015-07-31,5,FTRCC-BRD
296,2015-07-31,16,FTRCC-BRD500
297,2015-07-31,6,FTRCC-BSSLET
298,2015-07-31,5,FTRCC-BTF500
299,2015-07-31,10,FTRCC-BTF750
300,2015-07-31,7,FTRCC-DOT
301,2015-07-31,7,FTRCC-ELCTRC1000
302,2015-07-31,7,FTRCC-FRST
303,2015-07-31,5,FTRCC-MSS
304,2015-07-31,4,FTRCC-OCN750
305,2015-07-31,5,FTRCC-PCE
306,2015-07-31,15,FTRCC-PRSM
307,2015-07-31,6,FTRCC-PTNT1000
308,2015-07-31,7,FTRCC-SLF750
309,2015-07-31,14,FTRCC-SNG
310,2015-07-31,2,FTRCC-STRM
311,2015-07-31,10,FTRCC-SUN1000
312,2015-07-31,4,FTRCC-TSNBLUE
313,2015-07-31,7,FTRCC-WIND
314,2015-07-31,8,FTRCC-WNDW500
315,2015-07-31,19,FTRCC-WTWTR1000
316,2015-10-14,1,FTR-BLUE
317,2015-10-14,2,FTR-BLUE500
318,2015-10-14,21,FTR-GLD
319,2015-10-14,5,FTR-MNT
320,2015-10-14,10,FTR-SILVER1000
321,2015-10-14,5,FTR-SLV
322,2015-10-14,15,FTRCC-ABSTR500
323,2015-10-14,8,FTRCC-BAY
324,2015-10-14,3,FTRCC-BLBCHS
325,2015-10-14,20,FTRCC-BLKWVE
326,2015-10-14,2,FTRCC-BLKWVE1000
327,2015-10-14,20,FTRCC-BMB750
328,2015-10-14,3,FTRCC-BRD
329,2015-10-14,19,FTRCC-BSSLET
330,2015-10-14,4,FTRCC-BSSLETGRN
331,2015-10-14,52,FTRCC-BTF750
332,2015-10-14,30,FTRCC-CAMO
333,2015-10-14,20,FTRCC-DOT
334,2015-10-14,23,FTRCC-FRST
335,2015-10-14,40,FTRCC-HRZN
336,2015-10-14,13,FTRCC-MSS
337,2015-10-14,24,FTRCC-OCN750
338,2015-10-14,5,FTRCC-PRSM
339,2015-10-14,20,FTRCC-PTNT1000
340,2015-10-14,119,FTRCC-SLF750
341,2015-10-14,5,FTRCC-SNG
342,2015-10-14,10,FTRCC-STRM
343,2015-10-14,17,FTRCC-SUN
344,2015-10-14,18,FTRCC-SUN1000
345,2015-10-14,7,FTRCC-TBE
346,2015-10-14,26,FTRCC-TSNBLUE
347,2015-10-14,24,FTRCC-WIND
348,2015-10-14,5,FTRCC-WNDW500
349,2015-10-14,9,FTRCC-WSH
350,2015-10-14,20,FTRCC-WTWTR1000
351,2015-11-10,42,FTRCC-BTF750
352,2015-11-10,30,FTRCC-FRSTKORU
353,2015-11-10,20,FTRCC-OCN750
354,2015-11-10,45,FTRCC-SUN
355,2015-11-10,10,FTRCC-TSN750
356,2015-11-10,42,FTRCC-WIND
357,2015-12-15,15,FTR-BLUE
358,2015-12-15,8,FTR-BLUE1000
359,2015-12-15,17,FTR-FLBL500
360,2015-12-15,38,FTR-GLD
361,2015-12-15,6,FTR-GRN
362,2015-12-15,14,FTR-HTPNK500
363,2015-12-15,19,FTR-MNT
364,2015-12-15,4,FTR-RED
365,2015-12-15,21,FTR-SILVER1000
366,2015-12-15,14,FTR-SLV
367,2015-12-15,6,FTR-SLV500
368,2015-12-15,49,FTR-WOODGRAIN
369,2015-12-15,5,FTRCC-BAY
370,2015-12-15,67,FTRCC-BBL1000
371,2015-12-15,17,FTRCC-BLBLZ1000
372,2015-12-15,5,FTRCC-BLKWVE
373,2015-12-15,79,FTRCC-BLSM
374,2015-12-15,168,FTRCC-BRD
375,2015-12-15,5,FTRCC-BSSLET
376,2015-12-15,48,FTRCC-BTF500
377,2015-12-15,5,FTRCC-CAMO
378,2015-12-15,37,FTRCC-CLD500
379,2015-12-15,28,FTRCC-DFD350
380,2015-12-15,10,FTRCC-ELCTRC1000
381,2015-12-15,60,FTRCC-FRST
382,2015-12-15,26,FTRCC-GLT350
383,2015-12-15,5,FTRCC-MSS
384,2015-12-15,116,FTRCC-PCE
385,2015-12-15,5,FTRCC-PRSM
386,2015-12-15,128,FTRCC-SKTCH
387,2015-12-15,5,FTRCC-SLF750
388,2015-12-15,25,FTRCC-SNST500
389,2015-12-15,16,FTRCC-SPRNG500
390,2015-12-15,5,FTRCC-SUN
391,2015-12-15,77,FTRCC-SUNSET
392,2015-12-15,26,FTRCC-TBE
393,2015-12-15,5,FTRCC-WIND
394,2015-12-15,107,FTRCC-WNDR
395,2015-12-15,79,FTRCC-WTWTR1000
396,2016-02-05,1,FTR-BLUE
397,2016-02-05,8,FTR-BLUE1000
398,2016-02-05,18,FTR-FLBL500
399,2016-02-05,13,FTR-GLD
400,2016-02-05,3,FTR-GRN
401,2016-02-05,14,FTR-HTPNK500
402,2016-02-05,13,FTR-MNT
403,2016-02-05,2,FTR-RED
404,2016-02-05,16,FTR-SILVER1000
405,2016-02-05,4,FTR-SLV
406,2016-02-05,9,FTR-SLV500
407,2016-02-05,19,FTR-WOOD500
408,2016-02-05,55,FTR-WOODGRAIN
409,2016-02-05,5,FTRCC-BAY
410,2016-02-05,33,FTRCC-BBL1000
411,2016-02-05,29,FTRCC-BLBLZ1000
412,2016-02-05,5,FTRCC-BLSM
413,2016-02-05,49,FTRCC-BRD
414,2016-02-05,19,FTRCC-BTF500
415,2016-02-05,54,FTRCC-CHLL
416,2016-02-05,18,FTRCC-CLD500
417,2016-02-05,22,FTRCC-DEEP
418,2016-02-05,8,FTRCC-DFD350
419,2016-02-05,18,FTRCC-DRM
420,2016-02-05,10,FTRCC-GLT350
421,2016-02-05,16,FTRCC-KOFE500
422,2016-02-05,41,FTRCC-MDNT1000
423,2016-02-05,3,FTRCC-MSS
424,2016-02-05,5,FTRCC-PCE
425,2016-02-05,3,FTRCC-PTNT1000
426,2016-02-05,13,FTRCC-SHMR
427,2016-02-05,22,FTRCC-SKTCH
428,2016-02-05,25,FTRCC-SLF750
429,2016-02-05,21,FTRCC-SNST500
430,2016-02-05,17,FTRCC-SPRNG500
431,2016-02-05,26,FTRCC-SUNSET
432,2016-02-05,6,FTRCC-TBE
433,2016-02-05,23,FTRCC-WNDR
434,2016-02-05,22,FTRCC-WRM
435,2016-02-05,11,FTRCC-WSH
436,2016-02-05,30,FTRCC-WTWTR1000
437,2017-03-05,1,FTRCC-POOL
438,2017-03-03,1,FTRCC-POOL
439,2017-02-19,1,FTR-BLKWD
440,2017-02-15,1,FTR-BLKWD
441,2017-02-15,1,FTRCC-WTFTHR
442,2017-02-11,1,FTRCC-POOL
443,2017-02-08,1,FTRCC-WTFTHR
444,2017-01-28,1,FTR-WTSND
445,2017-01-28,1,FTR-BLKWD
446,2017-01-23,1,FTRCC-WTFTHR
447,2017-01-19,1,FTRCC-WTFTHR
448,2017-01-19,1,FTRCC-LEAF
449,2017-01-19,1,FTRCC-POOL
450,2017-01-17,1,FTRCC-LEAF
451,2017-01-15,1,FTRCC-SWIRL
452,2017-01-11,1,FTR-WTSND
453,2017-01-10,1,FTR-WTSND
454,2017-01-10,1,FTR-BLKWD
455,2017-01-10,1,FTR-WTSND
456,2017-01-08,1,FTRCC-POOL
457,2017-01-06,1,FTRCC-LEAF
458,2016-01-11,40,FTRCC-DFD350
459,2016-01-11,40,FTRCC-GLT350
460,2016-01-11,2,FTRCC-BSSLET-SILVER-750 ml
461,2016-01-11,50,FTRCC-BBL1000
462,2016-01-11,2,FTRCC-BLKWVE-SILVER-750 ml
463,2016-01-11,5,FTRCC-WIND-BLUE-750 ml
464,2016-01-11,10,FTRCC-FRST-GREEN-750 ml
465,2016-01-11,5,FTRCC-SLF750-MINT-750 ml
466,2016-01-11,20,FTRCC-PCE-MINT-750 ml
467,2016-01-11,5,FTRCC-WSH-MINT-750 ml
468,2016-01-11,2,FTRCC-SUN-SILVER-750 ml
469,2016-01-11,10,FTRCC-TBE-GREEN-750 ml
470,2016-01-11,5,FTRCC-BAY-BLUE-750 ml
471,2016-01-11,2,FTRCC-CAMO-SILVER-750 ml
472,2016-01-11,35,FTRCC-WTWTR1000-SILVER-1000 ml
473,2016-01-11,67,FTRCC-BLBLZ1000-BLUE-1000 ml
474,2016-01-11,5,FTR-BLUE-BLUE-750 ml
475,2016-01-11,5,FTR-MNT-MINT-750 ml
476,2016-01-11,10,FTR-GRN-GREEN-750 ml
477,2016-01-11,34,FTR-SILVER1000-SILVER-1000 ml
478,2016-01-11,17,FTR-BLUE1000-BLUE-1000 ml
479,2016-01-11,8,FTR-RED
480,2016-01-11,36,FTRCC-SUNSET
481,2016-01-11,4,FTRCC-SUN1000-SILVER-1000 ml
482,2016-01-11,3,FTRCC-PTNT1000-SILVER-1000 ml
483,2016-01-11,16,FTRCC-DRM
484,2016-01-11,50,FTRCC-CHLL
485,2016-01-11,16,FTRCC-DEEP
486,2016-01-11,8,FTRCC-SHMR
487,2016-01-11,16,FTRCC-WRM
488,2016-01-11,21,FTRCC-MDNT1000
489,2016-02-24,33,FTRCC-SNST500
490,2016-02-24,33,FTRCC-CLD500
491,2016-02-24,19,FTRCC-KOFE500
492,2016-02-24,25,FTRCC-SPRNG500
493,2016-02-24,24,FTRCC-WNDR
494,2016-02-24,18,FTRCC-SKTCH
495,2016-02-24,18,FTRCC-BTF500-GOLD-500 ml
496,2016-02-24,15,FTRCC-PRSM-SILVER-750 ml
497,2016-02-24,19,FTRCC-BRD-GOLD-750 ml
498,2016-02-24,15,FTRCC-BLSM-BLOSSOM-BLUE-750 ml
499,2016-02-24,5,FTR-SLV-SILVER-750 ml
500,2016-02-24,12,FTR-GLD-GOLD-750 ml
501,2016-02-24,13,FTR-WOODGRAIN-WOODGRAIN-750 ml
502,2016-02-24,3,FTR-FLBL500
503,2016-02-24,3,FTR-HTPNK500
504,2016-02-24,13,FTR-SLV500
505,2016-02-24,4,FTR-WOOD500
506,2016-02-24,28,FTRCC-BMB750-GOLD-750 ml
507,2016-02-24,22,FTRCC-STTC
508,2016-02-24,23,FTRCC-BTF750-GOLD-750 ml
509,2016-02-24,15,FTRCC-DFD350
510,2016-02-24,17,FTRCC-FLK350
511,2016-02-24,8,FTRCC-BSSLET-SILVER-750 ml
512,2016-02-24,45,FTRCC-BBL1000
513,2016-02-24,13,FTRCC-BLKWVE-SILVER-750 ml
514,2016-02-24,2,FTRCC-WIND-BLUE-750 ml
515,2016-02-24,10,FTRCC-SLF750-MINT-750 ml
516,2016-02-24,30,FTRCC-PCE-MINT-750 ml
517,2016-02-24,3,FTRCC-WSH-MINT-750 ml
518,2016-02-24,3,FTRCC-TBE-GREEN-750 ml
519,2016-02-24,2,FTRCC-BAY-BLUE-750 ml
520,2016-02-24,5,FTRCC-CAMO-SILVER-750 ml
521,2016-02-24,30,FTRCC-WTWTR1000-SILVER-1000 ml
522,2016-02-24,37,FTRCC-BLBLZ1000-BLUE-1000 ml
523,2016-02-24,3,FTRCC-SUNSET
524,2016-02-24,15,FTRCC-DRM
525,2016-02-24,40,FTRCC-CHLL
526,2016-02-24,13,FTRCC-DEEP
527,2016-02-24,1,FTR-BLUE-BLUE-750 ml
528,2016-02-24,5,FTR-MNT-MINT-750 ml
529,2016-02-24,21,FTR-SILVER1000-SILVER-1000 ml
530,2016-02-24,10,FTR-BLUE1000-BLUE-1000 ml
531,2016-02-24,2,FTR-RED
532,2016-02-24,18,FTRCC-SHMR
533,2016-02-24,15,FTRCC-WRM
534,2016-02-24,34,FTRCC-MDNT1000
535,2016-04-01,16,FTRCC-SNST500
536,2016-04-01,16,FTRCC-CLD500
537,2016-04-01,12,FTRCC-KOFE500
538,2016-04-01,7,FTRCC-SPRNG500
539,2016-04-01,15,FTRCC-WNDR
540,2016-04-01,9,FTRCC-SKTCH
541,2016-04-01,11,FTRCC-BTF500-GOLD-500 ml
542,2016-04-01,9,FTRCC-PRSM-SILVER-750 ml
543,2016-04-01,13,FTRCC-BRD-GOLD-750 ml
544,2016-04-01,17,FTRCC-BLSM-BLOSSOM-BLUE-750 ml
545,2016-04-01,2,FTR-SLV-SILVER-750 ml
546,2016-04-01,4,FTR-GLD-GOLD-750 ml
547,2016-04-01,7,FTR-WOODGRAIN-WOODGRAIN-750 ml
548,2016-04-01,4,FTR-FLBL500
549,2016-04-01,3,FTR-HTPNK500
550,2016-04-01,1,FTR-SLV500
551,2016-04-01,6,FTR-WOOD500
552,2016-04-01,12,FTRCC-BMB750-GOLD-750 ml
553,2016-04-01,13,FTRCC-STTC
554,2016-04-01,20,FTRCC-BTF750-GOLD-750 ml
555,2016-04-01,15,FTRCC-DFD350
556,2016-04-01,10,FTRCC-FLK350
557,2016-04-01,1,FTRCC-BSSLET-SILVER-750 ml
558,2016-04-01,28,FTRCC-BBL1000
559,2016-04-01,10,FTRCC-BLKWVE-SILVER-750 ml
560,2016-04-01,33,FTRCC-PCE-MINT-750 ml
561,2016-04-01,3,FTRCC-WSH-MINT-750 ml
562,2016-04-01,3,FTRCC-TBE-GREEN-750 ml
563,2016-04-01,2,FTRCC-BAY-BLUE-750 ml
564,2016-04-01,6,FTRCC-CAMO-SILVER-750 ml
565,2016-04-01,13,FTRCC-WTWTR1000-SILVER-1000 ml
566,2016-04-01,10,FTRCC-BLBLZ1000-BLUE-1000 ml
567,2016-04-01,14,FTRCC-DRM
568,2016-04-01,10,FTRCC-CHLL
569,2016-04-01,12,FTRCC-DEEP
570,2016-04-01,2,FTR-BLUE-BLUE-750 ml
571,2016-04-01,2,FTR-MNT-MINT-750 ml
572,2016-04-01,2,FTR-GRN-GREEN-750 ml
573,2016-04-01,9,FTR-SILVER1000-SILVER-1000 ml
574,2016-04-01,3,FTR-BLUE1000-BLUE-1000 ml
575,2016-04-01,19,FTRCC-WRM
576,2016-04-01,22,FTRCC-MDNT1000
577,2016-04-01,5,FTRCC-GLT350
578,2016-05-09,17,FTRCC-SNST500
579,2016-05-09,16,FTRCC-CLD500
580,2016-05-09,18,FTRCC-KOFE500
581,2016-05-09,18,FTRCC-SPRNG500
582,2016-05-09,18,FTRCC-WNDR
583,2016-05-09,6,FTRCC-SKTCH
584,2016-05-09,5,FTRCC-BTF500-GOLD-500 ml
585,2016-05-09,8,FTRCC-PRSM-SILVER-750 ml
586,2016-05-09,19,FTRCC-BRD-GOLD-750 ml
587,2016-05-09,22,FTRCC-BLSM-BLOSSOM-BLUE-750 ml
588,2016-05-09,3,FTR-SLV-SILVER-750 ml
589,2016-05-09,5,FTR-GLD-GOLD-750 ml
590,2016-05-09,13,FTR-WOODGRAIN-WOODGRAIN-750 ml
591,2016-05-09,1,FTR-FLBL500
592,2016-05-09,1,FTR-HTPNK500
593,2016-05-09,3,FTR-SLV500
594,2016-05-09,4,FTR-WOOD500
595,2016-05-09,15,FTRCC-BMB750-GOLD-750 ml
596,2016-05-09,20,FTRCC-STTC
597,2016-05-09,11,FTRCC-BTF750-GOLD-750 ml
598,2016-05-09,16,FTRCC-DFD350
599,2016-05-09,7,FTRCC-FLK350
600,2016-05-09,4,FTRCC-BSSLET-SILVER-750 ml
601,2016-05-09,14,FTRCC-BBL1000
602,2016-05-09,10,FTRCC-BLKWVE-SILVER-750 ml
603,2016-05-09,28,FTRCC-PCE-MINT-750 ml
604,2016-05-09,5,FTRCC-WSH-MINT-750 ml
605,2016-05-09,2,FTRCC-BAY-BLUE-750 ml
606,2016-05-09,3,FTRCC-CAMO-SILVER-750 ml
607,2016-05-09,13,FTRCC-WTWTR1000-SILVER-1000 ml
608,2016-05-09,5,FTRCC-BLBLZ1000-BLUE-1000 ml
609,2016-05-09,12,FTRCC-DRM
610,2016-05-09,2,FTRCC-CHLL
611,2016-05-09,11,FTRCC-DEEP
612,2016-05-09,3,FTR-BLUE-BLUE-750 ml
613,2016-05-09,2,FTR-MNT-MINT-750 ml
614,2016-05-09,11,FTR-SILVER1000-SILVER-1000 ml
615,2016-05-09,3,FTR-BLUE1000-BLUE-1000 ml
616,2016-05-09,5,FTRCC-SHMR
617,2016-05-09,15,FTRCC-WRM
618,2016-05-09,24,FTRCC-MDNT1000
619,2016-05-09,4,FTRCC-GLT350
620,2015-06-23,3,FTR-BLUE500-BLUE-500 ml
621,2015-06-23,9,FTR-GOLD500-GOLD-500 ml
622,2015-06-23,12,FTRCC-ABSTR500-BLUE-500 ml
623,2015-06-23,20,FTRCC-WNDW500-BLUE-500 ml
624,2015-06-23,21,FTRCC-BTF500-GOLD-500 ml
625,2015-06-23,15,FTRCC-BRD500-GOLD-500 ml
626,2015-06-23,7,FTR-SLV-SILVER-750 ml
627,2015-06-23,18,FTR-GLD-GOLD-750 ml
628,2015-06-23,5,FTR-BLK-BLACK-750 ml
629,2015-06-23,5,FTR-BLUE-BLUE-750 ml
630,2015-06-23,9,FTR-MNT-MINT-750 ml
631,2015-06-23,4,FTR-GRN-GREEN-750 ml
632,2015-06-23,20,FTR-WOODGRAIN-WOODGRAIN-750 ml
633,2015-06-23,21,FTRCC-BLKWVE-SILVER-750 ml
634,2015-06-23,12,FTRCC-BSSLET-SILVER-750 ml
635,2015-06-23,22,FTRCC-PRSM-SILVER-750 ml
636,2015-06-23,10,FTRCC-WIND-BLUE-750 ml
637,2015-06-23,12,FTRCC-OCN750-BLUE-750 ml
638,2015-06-23,15,FTRCC-STRM-BLUE-750 ml
639,2015-06-23,23,FTRCC-BMB750-GOLD-750 ml
640,2015-06-23,16,FTRCC-BTF750-GOLD-750 ml
641,2015-06-23,10,FTRCC-FRST-GREEN-750 ml
642,2015-06-23,10,FTRCC-MSS-GREEN-750 ml
643,2015-06-23,7,FTRCC-SLF750-MINT-750 ml
644,2015-06-23,28,FTRCC-PCE-MINT-750 ml
645,2015-06-23,5,FTRCC-SNG-MINT-750 ml
646,2015-06-23,7,FTRCC-BAY-BLUE-750 ml
647,2015-06-23,8,FTRCC-TSNBLUE-BLUE-750 ml
648,2015-06-23,3,FTRCC-BLBCHS-BLUE-750 ml
649,2015-06-23,5,FTRCC-CAMO-SILVER-750 ml
650,2015-06-23,11,FTR-SILVER1000-SILVER-1000 ml
651,2015-06-23,8,FTR-BLUE1000-BLUE-1000 ml
652,2015-06-23,19,FTRCC-SUN1000-SILVER-1000 ml
653,2015-06-23,17,FTRCC-WTWTR1000-SILVER-1000 ml
654,2015-06-23,20,FTRCC-PTNT1000-SILVER-1000 ml
655,2015-06-23,22,FTRCC-ELCTRC1000-BLUE-1000 ml
656,2015-06-23,13,FTRCC-BLBLZ1000-BLUE-1000 ml
657,2015-08-28,10,FTRCC-ABSTR500-BLUE-500 ml
658,2015-08-28,10,FTRCC-WNDW500-BLUE-500 ml
659,2015-08-28,14,FTRCC-BLKWVE-SILVER-750 ml
660,2015-08-28,15,FTRCC-BSSLET-SILVER-750 ml
661,2015-08-28,10,FTRCC-PRSM-SILVER-750 ml
662,2015-08-28,10,FTRCC-WIND-BLUE-750 ml
663,2015-08-28,7,FTRCC-OCN750-BLUE-750 ml
664,2015-08-28,10,FTRCC-STRM-BLUE-750 ml
665,2015-08-28,26,FTRCC-BMB750-GOLD-750 ml
666,2015-08-28,23,FTRCC-BTF750-GOLD-750 ml
667,2015-08-28,7,FTRCC-FRST-GREEN-750 ml
668,2015-08-28,5,FTRCC-MSS-GREEN-750 ml
669,2015-08-28,5,FTRCC-SLF750-MINT-750 ml
670,2015-08-28,10,FTRCC-SNG-MINT-750 ml
671,2015-08-28,2,FTR-BLUE500-BLUE-500 ml
672,2015-08-28,2,FTRCC-WSH-MINT-750 ml
673,2015-08-28,7,FTRCC-DOT-GOLD-750 ml
674,2015-08-28,5,FTRCC-HRZN-WOODGRAIN-750 ml
675,2015-08-28,8,FTRCC-BAY-BLUE-750 ml
676,2015-08-28,7,FTRCC-TSNBLUE-BLUE-750 ml
677,2015-08-28,25,FTRCC-SUN1000-SILVER-1000 ml
678,2015-08-28,18,FTRCC-WTWTR1000-SILVER-1000 ml
679,2015-08-28,7,FTRCC-PTNT1000-SILVER-1000 ml
680,2015-08-28,20,FTRCC-ELCTRC1000-BLUE-1000 ml
681,2015-08-28,2,FTR-SLV-SILVER-750 ml
682,2015-08-28,10,FTR-GLD-GOLD-750 ml
683,2015-08-28,1,FTR-BLK-BLACK-750 ml
684,2015-08-28,5,FTR-MNT-MINT-750 ml
685,2015-08-28,6,FTR-SILVER1000-SILVER-1000 ml
686,2015-08-28,2,FTR-BLUE1000-BLUE-1000 ml
687,2015-10-12,35,FTRCC-ABSTR500-BLUE-500 ml
688,2015-10-12,10,FTRCC-WNDW500-BLUE-500 ml
689,2015-10-12,67,FTRCC-BLKWVE-SILVER-750 ml
690,2015-10-12,49,FTRCC-BSSLET-SILVER-750 ml
691,2015-10-12,33,FTRCC-PRSM-SILVER-750 ml
692,2015-10-12,51,FTRCC-WIND-BLUE-750 ml
693,2015-10-12,47,FTRCC-OCN750-BLUE-750 ml
694,2015-10-12,10,FTRCC-STRM-BLUE-750 ml
695,2015-10-12,30,FTRCC-BMB750-GOLD-750 ml
696,2015-10-12,78,FTRCC-BTF750-GOLD-750 ml
697,2015-10-12,24,FTRCC-FRST-GREEN-750 ml
698,2015-10-12,22,FTRCC-MSS-GREEN-750 ml
699,2015-10-12,53,FTRCC-SLF750-MINT-750 ml
700,2015-10-12,10,FTRCC-SNG-MINT-750 ml
701,2015-10-12,18,FTR-BLUE500-BLUE-500 ml
702,2015-10-12,25,FTRCC-WSH-MINT-750 ml
703,2015-10-12,38,FTRCC-DOT-GOLD-750 ml
704,2015-10-12,3,FTRCC-BRD-GOLD-750 ml
705,2015-10-12,44,FTRCC-SUN-SILVER-750 ml
706,2015-10-12,15,FTRCC-TBE-GREEN-750 ml
707,2015-10-12,10,FTRCC-HRZN-WOODGRAIN-750 ml
708,2015-10-12,14,FTRCC-BAY-BLUE-750 ml
709,2015-10-12,33,FTRCC-TSNBLUE-BLUE-750 ml
710,2015-10-12,17,FTRCC-CAMO-SILVER-750 ml
711,2015-10-12,20,FTRCC-SUN1000-SILVER-1000 ml
712,2015-10-12,10,FTRCC-WTWTR1000-SILVER-1000 ml
713,2015-10-12,20,FTRCC-PTNT1000-SILVER-1000 ml
714,2015-10-12,12,FTR-SLV-SILVER-750 ml
715,2015-10-12,25,FTR-GLD-GOLD-750 ml
716,2015-10-12,3,FTR-BLK-BLACK-750 ml
717,2015-10-12,14,FTR-BLUE-BLUE-750 ml
718,2015-10-12,20,FTR-MNT-MINT-750 ml
719,2015-10-12,9,FTR-GRN-GREEN-750 ml
720,2015-10-12,3,FTR-WOODGRAIN-WOODGRAIN-750 ml
721,2015-10-12,20,FTR-SILVER1000-SILVER-1000 ml
722,2015-10-12,6,FTRCC-BLSM-BLOSSOM-BLUE-750 ml
723,2015-11-25,61,FTRCC-BTF500-GOLD-500 ml
724,2015-11-25,10,FTRCC-BLKWVE-SILVER-750 ml
725,2015-11-25,10,FTRCC-BSSLET-SILVER-750 ml
726,2015-11-25,92,FTRCC-PRSM-SILVER-750 ml
727,2015-11-25,20,FTRCC-WIND-BLUE-750 ml
728,2015-11-25,10,FTRCC-STRM-BLUE-750 ml
729,2015-11-25,60,FTRCC-FRST-GREEN-750 ml
730,2015-11-25,10,FTRCC-MSS-GREEN-750 ml
731,2015-11-25,10,FTRCC-SLF750-MINT-750 ml
732,2015-11-25,119,FTRCC-PCE-MINT-750 ml
733,2015-11-25,5,FTRCC-WSH-MINT-750 ml
734,2015-11-25,5,FTRCC-DOT-GOLD-750 ml
735,2015-11-25,87,FTRCC-BRD-GOLD-750 ml
736,2015-11-25,10,FTRCC-SUN-SILVER-750 ml
737,2015-11-25,15,FTRCC-TBE-GREEN-750 ml
738,2015-11-25,61,FTRCC-BLSM-BLOSSOM-BLUE-750 ml
739,2015-11-25,10,FTRCC-BAY-BLUE-750 ml
740,2015-11-25,5,FTRCC-CAMO-SILVER-750 ml
741,2015-11-25,51,FTRCC-WTWTR1000-SILVER-1000 ml
742,2015-11-25,87,FTRCC-ELCTRC1000-BLUE-1000 ml
743,2015-11-25,65,FTRCC-BLBLZ1000-BLUE-1000 ml
744,2015-11-25,13,FTR-SLV-SILVER-750 ml
745,2015-11-25,17,FTR-GLD-GOLD-750 ml
746,2015-11-25,10,FTR-BLUE-BLUE-750 ml
747,2015-11-25,8,FTR-MNT-MINT-750 ml
748,2015-11-25,2,FTR-GRN-GREEN-750 ml
749,2015-11-25,37,FTR-WOODGRAIN-WOODGRAIN-750 ml
750,2015-11-25,20,FTR-SILVER1000-SILVER-1000 ml
751,2015-11-25,11,FTR-BLUE1000-BLUE-1000 ml
752,2015-11-25,57,FTRCC-DFD350
753,2015-11-25,25,FTRCC-GLT350
754,2015-11-25,11,FTR-FLBL500
755,2015-11-25,5,FTR-HTPNK500
756,2015-11-25,11,FTR-SLV500
757,2015-11-25,61,FTRCC-CLD500
758,2015-11-25,83,FTRCC-SNST500
759,2015-11-25,56,FTRCC-SPRNG500
760,2015-11-25,5,FTR-RED
761,2015-11-25,25,FTRCC-SUNSET
762,2015-11-25,54,FTRCC-SKTCH
763,2015-11-25,88,FTRCC-WNDR
764,2015-11-25,46,FTRCC-BBL1000
765,2016-06-13,7,FTRCC-SNST500
766,2016-06-13,3,FTRCC-CLD500
767,2016-06-13,7,FTRCC-KOFE500
768,2016-06-13,3,FTRCC-BMB750-GOLD-750 ml
769,2016-06-13,1,FTRCC-STTC
770,2016-06-13,2,FTRCC-BTF750-GOLD-750 ml
771,2016-06-13,1,FTRCC-DFD350
772,2016-06-13,4,FTRCC-FLK350
773,2016-06-13,3,FTRCC-GLT350
774,2016-06-13,8,FTRCC-BBL1000
775,2016-06-13,1,FTRCC-BLKWVE-SILVER-750 ml
776,2016-06-13,2,FTRCC-PCE-MINT-750 ml
777,2016-06-13,2,FTRCC-DRM
778,2016-06-13,1,FTRCC-CHLL
779,2016-06-13,4,FTRCC-DEEP
780,2016-06-13,1,FTRCC-WSH-MINT-750 ml
781,2016-06-13,2,FTRCC-BAY-BLUE-750 ml
782,2016-06-13,3,FTRCC-CAMO-SILVER-750 ml
783,2016-06-13,1,FTRCC-SHMR
784,2016-06-13,6,FTRCC-WTWTR1000-SILVER-1000 ml
785,2016-06-13,1,FTRCC-WRM
786,2016-06-13,2,FTRCC-SPRNG500
787,2016-06-13,2,FTRCC-WNDR
788,2016-06-13,1,FTRCC-SKTCH
789,2016-06-13,1,FTRCC-BTF500-GOLD-500 ml
790,2016-06-13,3,FTRCC-PRSM-SILVER-750 ml
791,2016-06-13,1,FTRCC-BRD-GOLD-750 ml
792,2016-06-13,2,FTRCC-BLSM-BLOSSOM-BLUE-750 ml
793,2016-06-13,5,FTR-SLV-SILVER-750 ml
794,2016-06-13,5,FTR-GLD-GOLD-750 ml
795,2016-06-13,6,FTR-WOODGRAIN-WOODGRAIN-750 ml
796,2016-06-13,5,FTR-FLBL500
797,2016-06-13,3,FTR-HTPNK500
798,2016-06-13,4,FTR-WOOD500
799,2016-06-13,8,FTR-BLUE-BLUE-750 ml
800,2016-06-13,2,FTR-MNT-MINT-750 ml
801,2016-06-13,4,FTR-SILVER1000-SILVER-1000 ml
802,2016-06-13,3,FTR-RED
803,2016-06-13,5,FTR-SLV500
804,2016-07-18,5,FTRCC-SNST500
805,2016-07-18,2,FTRCC-CLD500
806,2016-07-18,14,FTRCC-KOFE500
807,2016-07-18,15,FTRCC-BMB750
808,2016-07-18,2,FTRCC-BTF750
809,2016-07-18,7,FTRCC-DFD350
810,2016-07-18,7,FTRCC-FLK350
811,2016-07-18,4,FTRCC-GLT350
812,2016-07-18,2,FTRCC-BSSLET
813,2016-07-18,2,FTRCC-BBL1000
814,2016-07-18,5,FTRCC-PCE
815,2016-07-18,6,FTRCC-DRM
816,2016-07-18,2,FTRCC-CHLL
817,2016-07-18,7,FTRCC-DEEP
818,2016-07-18,3,FTRCC-WSH
819,2016-07-18,2,FTRCC-BAY
820,2016-07-18,5,FTRCC-WTWTR1000
821,2016-07-18,5,FTRCC-WRM
822,2016-07-18,6,FTRCC-SPRNG500
823,2016-07-18,10,FTRCC-SKTCH
824,2016-07-18,3,FTRCC-BTF500
825,2016-07-18,12,FTRCC-PRSM
826,2016-07-18,10,FTRCC-BRD
827,2016-07-18,11,FTRCC-BLSM
828,2016-07-18,11,FTR-SLV
829,2016-07-18,6,FTR-GLD
830,2016-07-18,1,FTR-FLBL500
831,2016-07-18,2,FTR-HTPNK500
832,2016-07-18,8,FTR-WOOD500
833,2016-07-18,9,FTR-BLUE
834,2016-07-18,3,FTR-MNT
835,2016-07-18,5,FTR-Blue1000
836,2016-07-18,2,FTR-SILVER1000
837,2016-07-18,3,FTR-RED
838,2016-07-18,4,FTR-SLV500
839,2016-07-18,2,FTRCC-DOT
840,2016-07-18,5,FTRCC-BLBCHS
841,2016-07-18,10,FTRCC-SUN
842,2016-09-12,4,FTRCC-SNST500
843,2016-09-12,2,FTRCC-KOFE500
844,2016-09-12,1,FTRCC-BMB750-GOLD-750 ml
845,2016-09-12,3,FTRCC-STTC
846,2016-09-12,8,FTRCC-BTF750-GOLD-750 ml
847,2016-09-12,10,FTRCC-DFD350
848,2016-09-12,6,FTRCC-FLK350
849,2016-09-12,1,FTRCC-BSSLET-SILVER-750 ml
850,2016-09-12,2,FTRCC-BBL1000
851,2016-09-12,6,FTRCC-PCE-MINT-750 ml
852,2016-09-12,4,FTRCC-DRM
853,2016-09-12,2,FTRCC-CHLL
854,2016-09-12,4,FTRCC-DEEP
855,2016-09-12,1,FTRCC-WSH-MINT-750 ml
856,2016-09-12,4,FTRCC-WTWTR1000-SILVER-1000 ml
857,2016-09-12,2,FTRCC-WRM
858,2016-09-12,7,FTRCC-SPRNG500
859,2016-09-12,3,FTRCC-BTF500-GOLD-500 ml
860,2016-09-12,5,FTRCC-PRSM-SILVER-750 ml
861,2016-09-12,4,FTRCC-BRD-GOLD-750 ml
862,2016-09-12,2,FTRCC-BLSM-BLOSSOM-BLUE-750 ml
863,2016-09-12,4,FTR-SLV-SILVER-750 ml
864,2016-09-12,3,FTR-GLD-GOLD-750 ml
865,2016-09-12,1,FTR-WOODGRAIN-WOODGRAIN-750 ml
866,2016-09-12,2,FTR-FLBL500
867,2016-09-12,1,FTR-HTPNK500
868,2016-09-12,2,FTR-WOOD500
869,2016-09-12,1,FTR-BLUE-BLUE-750 ml
870,2016-09-12,2,FTR-MNT-MINT-750 ml
871,2016-09-12,1,FTR-RED
872,2016-09-12,3,FTR-SLV500
873,2016-09-12,1,FTRCC-DOT
874,2016-09-12,1,FTRCC-BLBCHS
875,2016-09-12,2,FTRCC-SUN
876,2016-09-12,10,FTR-Blue1000
877,2016-09-12,7,FTRCC-CLM500
878,2016-09-12,3,FTRCC-DGN500
879,2016-09-12,4,FTRCC-CRNT500
880,2016-09-12,11,FTRCC-MST
881,2016-09-12,22,FTRCC-ORNT
882,2016-09-12,1,FTRCC-TARX
883,2016-09-12,3,FTRCC-BEAM
884,2016-09-12,12,FTRCC-KORU1000
885,2016-09-12,19,FTRCC-CRCT1000
886,2016-10-31,20,FTRCC-SUN1000-SILVER-1000 ml
887,2016-10-31,2,FTRCC-SHMR
888,2016-10-31,2,FTRCC-SKTCH
889,2016-10-31,2,FTRCC-SNST500
890,2016-10-31,1,FTRCC-KOFE500
891,2016-10-31,2,FTRCC-BMB750-GOLD-750 ml
892,2016-10-31,2,FTRCC-STTC
893,2016-10-31,24,FTRCC-BTF750-GOLD-750 ml
894,2016-10-31,2,FTRCC-DFD350
895,2016-10-31,13,FTRCC-FLK350
896,2016-10-31,10,FTRCC-SUN
897,2016-10-31,2,FTRCC-BSSLET-SILVER-750 ml
898,2016-10-31,19,FTRCC-BBL1000
899,2016-10-31,2,FTRCC-PCE-MINT-750 ml
900,2016-10-31,16,FTRCC-DRM
901,2016-10-31,40,FTRCC-CHLL
902,2016-10-31,10,FTRCC-DEEP
903,2016-10-31,2,FTRCC-WSH-MINT-750 ml
904,2016-10-31,10,FTRCC-WTWTR1000-SILVER-1000 ml
905,2016-10-31,2,FTRCC-WRM
906,2016-10-31,15,FTRCC-BTF500-GOLD-500 ml
907,2016-10-31,21,FTRCC-PRSM-SILVER-750 ml
908,2016-10-31,6,FTR-Blue1000
909,2016-10-31,11,FTR-SLV-SILVER-750 ml
910,2016-10-31,4,FTR-GLD-GOLD-750 ml
911,2016-10-31,27,FTR-WOODGRAIN-WOODGRAIN-750 ml
912,2016-10-31,4,FTR-FLBL500
913,2016-10-31,1,FTR-HTPNK500
914,2016-10-31,8,FTR-WOOD500
915,2016-10-31,2,FTR-MNT-MINT-750 ml
916,2016-10-31,14,FTR-SILVER1000-SILVER-1000 ml
917,2016-10-31,11,FTRCC-CLM500
918,2016-10-31,19,FTRCC-DGN500
919,2016-10-31,8,FTRCC-CRNT500
920,2016-10-31,12,FTRCC-MST
921,2016-10-31,23,FTRCC-ORNT
922,2016-10-31,5,FTRCC-TARX
923,2016-10-31,3,FTRCC-BEAM
924,2016-10-31,4,FTRCC-SLF750
925,2016-10-31,17,FTRCC-KORU1000
926,2016-10-31,16,FTRCC-CRCT1000
927,2016-10-31,13,FTRCC-MDNT1000
928,2016-10-31,5,FTRCC-BLBLZ1000
929,2016-10-31,8,FTRCC-ELCTRC1000
930,2016-10-31,11,FTRCC-BLKWVE1000
931,2016-12-15,18,FTRCC-FLK350
932,2016-12-15,1,FTR-SLV500
933,2016-12-15,4,FTRCC-BTF500
934,2016-12-15,17,FTRCC-SPRNG500
935,2016-12-15,1,FTRCC-CRNT500
936,2016-12-15,12,FTR-SLV
937,2016-12-15,20,FTR-GLD
938,2016-12-15,2,FTR-BLUE
939,2016-12-15,2,FTR-MNT
940,2016-12-15,18,FTRCC-BRD
941,2016-12-15,17,FTRCC-SKTCH
942,2016-12-15,23,FTRCC-BTF750
943,2016-12-15,38,FTRCC-PCE
944,2016-12-15,5,FTRCC-CHLL
945,2016-12-15,22,FTRCC-PRSM
946,2016-12-15,1,FTRCC-BLBCHS
947,2016-12-15,1,FTRCC-MST
948,2016-12-15,41,FTRCC-ORNT
949,2016-12-15,1,FTRCC-TARX
950,2016-12-15,6,FTRCC-BEAM
951,2016-12-15,62,FTRCC-SLF750
952,2016-12-15,7,FTRCC-BSSLET
953,2016-12-15,1,FTR-BLUE1000
954,2016-12-15,26,FTR-SILVER1000
955,2016-12-15,31,FTRCC-BBL1000
956,2016-12-15,30,FTRCC-KORU1000
957,2016-12-15,2,FTRCC-CRCT1000
958,2016-12-15,2,FTRCC-MDNT1000
959,2016-12-15,30,FTRCC-BLBLZ1000
960,2016-12-15,43,FTRCC-ELCTRC1000
961,2016-12-15,33,FTRCC-BLKWVE1000
962,2016-12-15,17,FTRCC-FRND500
963,2016-12-15,12,FTRCC-BRD500
964,2016-12-15,10,FTRCC-RSE500
965,2016-12-15,8,FTRCC-AZTC500
966,2016-12-15,15,FTRCC-BMB750
967,2016-12-15,24,FTRCC-LEAF
968,2016-12-15,16,FTRCC-CPKRU
969,2016-12-15,11,FTRCC-SWRL
970,2016-12-15,12,FTRCC-POOL
971,2016-12-15,11,FTRCC-WIND
972,2016-12-15,8,FTRCC-TSN750
973,2016-12-15,10,FTRCC-BIGBLU
974,2016-12-15,11,FTRCC-LIGHT
975,2016-12-15,6,FTRCC-BLKWVE
976,2016-12-15,7,FTRCC-CRCT
977,2017-01-05,9,FTRCC-DFD350
978,2017-01-05,3,FTRCC-FLK350
979,2017-01-05,15,FTR- WOOD500
980,2017-01-05,4,FTR- FLBL500
981,2017-01-05,2,FTR-SLV500
982,2017-01-05,6,FTRCC-BTF500
983,2017-01-05,13,FTRCC-CLM500
984,2017-01-05,2,FTRCC-SPRNG500
985,2017-01-05,10,FTRCC-DGN500
986,2017-01-05,1,FTRCC-CRNT500
987,2017-01-05,2,FTR-SLV
988,2017-01-05,10,FTR-GLD
989,2017-01-05,2,FTR-BLUE
990,2017-01-05,8,FTR-MNT
991,2017-01-05,18,FTR-WOODGRAIN
992,2017-01-05,16,FTRCC-BRD
993,2017-01-05,1,FTRCC-SKTCH
994,2017-01-05,13,FTRCC-BTF750
995,2017-01-05,25,FTRCC-PCE
996,2017-01-05,17,FTRCC-DRM
997,2017-01-05,5,FTRCC-CHLL
998,2017-01-05,10,FTRCC-DEEP
999,2017-01-05,1,FTRCC-WSH
1000,2017-01-05,11,FTRCC-WNDR
1001,2017-01-05,1,FTRCC-BLBCHS
1002,2017-01-05,2,FTRCC-STTC
1003,2017-01-05,1,FTRCC-MST
1004,2017-01-05,18,FTRCC-ORNT
1005,2017-01-05,1,FTRCC-TARX
1006,2017-01-05,6,FTRCC-BEAM
1007,2017-01-05,17,FTRCC-SLF750
1008,2017-01-05,2,FTRCC-BSSLET
1009,2017-01-05,12,FTR-SILVER1000
1010,2017-01-05,21,FTRCC-SUN1000
1011,2017-01-05,15,FTRCC-WTWTR1000
1012,2017-01-05,16,FTRCC-BBL1000
1013,2017-01-05,13,FTRCC-BLKWVE1000
1014,2017-01-05,8,FTRCC-FRND500
1015,2017-01-05,19,FTRCC-BRD500
1016,2017-01-05,3,FTRCC-RSE500
1017,2017-01-05,10,FTRCC-AZTC500
1018,2017-01-05,3,FTRCC-BMB750
1019,2017-01-05,9,FTRCC-LEAF
1020,2017-01-05,11,FTRCC-CPKRU
1021,2017-01-05,6,FTRCC-SWRL
1022,2017-01-05,4,FTRCC-POOL
1023,2017-01-05,4,FTRCC-WIND
1024,2017-01-05,2,FTRCC-TSN750
1025,2017-01-05,5,FTRCC-BIGBLU
1026,2017-01-05,2,FTRCC-LIGHT
1027,2017-01-05,2,FTRCC-BLKWVE
1028,2017-01-05,5,FTRCC-CRCT
1029,2017-02-06,6,FTRCC-DFD350
1030,2017-02-06,5,FTRCC-FLK350
1031,2017-02-06,7,FTR- WOOD500
1032,2017-02-06,2,FTR- FLBL500
1033,2017-02-06,1,FTR-SLV500
1034,2017-02-06,10,FTRCC-BTF500
1035,2017-02-06,17,FTRCC-CLM500
1036,2017-02-06,13,FTRCC-SPRNG500
1037,2017-02-06,6,FTRCC-DGN500
1038,2017-02-06,1,FTRCC-CRNT500
1039,2017-02-06,2,FTR-SLV
1040,2017-02-06,4,FTR-GLD
1041,2017-02-06,2,FTR-BLUE
1042,2017-02-06,8,FTR-MNT
1043,2017-02-06,13,FTR-WOODGRAIN
1044,2017-02-06,16,FTRCC-BRD
1045,2017-02-06,2,FTRCC-SKTCH
1046,2017-02-06,2,FTRCC-BTF750
1047,2017-02-06,17,FTRCC-PCE
1048,2017-02-06,23,FTRCC-DRM
1049,2017-02-06,2,FTRCC-CHLL
1050,2017-02-06,4,FTRCC-DEEP
1051,2017-02-06,13,FTRCC-WNDR
1052,2017-02-06,2,FTRCC-PRSM
1053,2017-02-06,12,FTRCC-STTC
1054,2017-02-06,1,FTRCC-MST
1055,2017-02-06,7,FTRCC-ORNT
1056,2017-02-06,1,FTRCC-TARX
1057,2017-02-06,4,FTRCC-BEAM
1058,2017-02-06,11,FTRCC-SLF750
1059,2017-02-06,7,FTRCC-BSSLET
1060,2017-02-06,29,FTR-SILVER1000
1061,2017-02-06,20,FTRCC-SUN1000
1062,2017-02-06,10,FTRCC-WTWTR1000
1063,2017-02-06,28,FTRCC-BBL1000
1064,2017-02-06,32,FTRCC-BLKWVE1000
1065,2017-02-06,7,FTRCC-WNDW500
1066,2017-02-06,10,FTRCC-FRND500
1067,2017-02-06,6,FTRCC-BRD500
1068,2017-02-06,5,FTRCC-RSE500
1069,2017-02-06,5,FTRCC-AZTC500
1070,2017-02-06,1,FTRCC-WTWTR
1071,2017-02-06,7,FTRCC-BMB750
1072,2017-02-06,16,FTRCC-LEAF
1073,2017-02-06,17,FTRCC-CPKRU
1074,2017-02-06,14,FTRCC-SWRL
1075,2017-02-06,6,FTRCC-POOL
1076,2017-02-06,8,FTRCC-WIND
1077,2017-02-06,5,FTRCC-TSN750
1078,2017-02-06,4,FTRCC-BIGBLU
1079,2017-02-06,7,FTRCC-LIGHT
1080,2017-02-06,2,FTRCC-BLKWVE
1081,2017-02-06,1,FTRCC-CRCT
1082,2017-03-06,6,FTRCC-DFD350
1083,2017-03-06,7,FTRCC-FLK350
1084,2017-03-06,11,FTR- WOOD500
1085,2017-03-06,5,FTR- FLBL500
1086,2017-03-06,2,FTR-SLV500
1087,2017-03-06,2,FTR-HTPNK500
1088,2017-03-06,3,FTR-MNT500
1089,2017-03-06,10,FTRCC-SPRNG500
1090,2017-03-06,12,FTRCC-SNST500
1091,2017-03-06,23,FTRCC-MNTWNDW500
1092,2017-03-06,1,FTRCC-CRNT500
1093,2017-03-06,8,FTR-SLV
1094,2017-03-06,10,FTR-GLD
1095,2017-03-06,1,FTR-BLUE
1096,2017-03-06,10,FTR-MNT
1097,2017-03-06,11,FTR-WOODGRAIN
1098,2017-03-06,23,FTRCC-BRD
1099,2017-03-06,16,FTRCC-PCE
1100,2017-03-06,3,FTRCC-WSH
1101,2017-03-06,3,FTRCC-HRZN
1102,2017-03-06,6,FTRCC-GLDKORU
1103,2017-03-06,6,FTRCC-GLDBSSLET
1104,2017-03-06,2,FTRCC-GLDCRCT
1105,2017-03-06,6,FTRCC-WDBSSLET
1106,2017-03-06,11,FTRCC-WNDR
1107,2017-03-06,22,FTRCC-PRSM
1108,2017-03-06,14,FTRCC-STTC
1109,2017-03-06,8,FTRCC-MST
1110,2017-03-06,10,FTRCC-ORNT
1111,2017-03-06,1,FTRCC-TARX
1112,2017-03-06,4,FTRCC-BEAM
1113,2017-03-06,18,FTRCC-SLF750
1114,2017-03-06,5,FTRCC-BSSLET
1115,2017-03-06,15,FTR-BLUE1000
1116,2017-03-06,4,FTRCC-CRCT1000
1117,2017-03-06,25,FTRCC-MDNT1000
1118,2017-03-06,2,FTRCC-BLBLZ1000
1119,2017-03-06,30,FTRCC-ELCTRC1000
1120,2017-03-06,17,FTRCC-BLUESUN1000
1121,2017-03-06,15,FTRCC-BLUEKORU1000
1122,2017-03-06,2,FTRCC-WNDW500
1123,2017-03-06,5,FTRCC-FRND500
1124,2017-03-06,1,FTRCC-RSE500
1125,2017-03-06,5,FTRCC-AZTC500
1126,2017-03-06,3,FTRCC-WTWTR
1127,2017-03-06,3,FTRCC-BMB750
1128,2017-03-06,10,FTRCC-LEAF
1129,2017-03-06,7,FTRCC-CPKRU
1130,2017-03-06,1,FTRCC-POOL
1131,2017-03-06,1,FTRCC-WIND
1132,2017-03-06,1,FTRCC-TSN750
1133,2017-03-06,3,FTRCC-BIGBLU
1134,2017-03-06,7,FTRCC-LIGHT
1135,2017-03-06,2,FTRCC-BLKWVE
1136,2017-03-06,6,FTRCC-CRCT
1137,2014-11-28,7,FTRCC-BTF500
1138,2014-11-28,4,FTRCC-BLKFRST
1139,2014-11-28,4,FTRCC-WLKBLK 
1140,2014-11-28,4,FTRCC-GLDBSLT
1141,2014-11-28,9,FTRCC-BMU750
1142,2014-11-28,5,FTRCC-TSN750
1143,2014-11-28,20,FTRCC-OCN750
1144,2014-11-28,10,FTRCC-SLF750
1145,2014-11-28,12,FTRCC-BLG750
1146,2014-11-28,18,FTRCC-FLK750
1147,2014-11-28,12,FTRCC-DLP750
1148,2014-11-28,19,FTRCC-BMB750
1149,2014-11-28,10,FTRCC-ANG
1150,2014-11-28,13,FTRCC-BLBCHS
1151,2014-11-28,13,FTRCC-BIGBLUE
1152,2014-11-28,5,FTRCC-RAINBOW
1153,2014-11-28,7,FTRCC-BSSLET
1154,2014-11-28,10,FTR-SILVER1000
1155,2014-11-28,10,FTR-BLUE1000
1156,2014-11-28,1,FTR-BLUE500
1157,2014-11-28,4,FTR-BLUE
1158,2014-11-28,2,FTR-SLV
1159,2015-04-23,5,FTR-SLV
1160,2015-04-23,9,FTR-GLD
1161,2015-04-23,7,FTR-BLUE
1162,2015-04-23,3,FTR-GRN
1163,2015-04-23,9,FTR-BLK
1164,2015-04-23,19,FTR-BLUE500
1165,2015-04-23,15,FTR-GLD500
1166,2015-04-23,21,FTR-BLUE1000
1167,2015-04-23,30,FTR-SILVER1000
1168,2015-04-23,15,FTRCC-BSSLET
1169,2015-04-23,10,FTRCC-BIGBLUE
1170,2015-04-23,40,FTRCC-BLKWVE
1171,2015-04-23,17,FTRCC-BLBCHS
1172,2015-04-23,30,FTRCC-WIND
1173,2015-04-23,41,FTRCC-BTF750
1174,2015-04-23,10,FTRCC-BLSM750
1175,2015-04-23,5,FTRCC-BMU750
1176,2015-04-23,5,FTRCC-AUTGLD
1177,2015-04-23,5,FTRCC-WLKBLK
1178,2015-04-23,5,FTRCC-ETH500
1179,2015-04-23,19,FTRCC-SUN
1180,2015-04-23,12,FTRCC-CAMO
1181,2015-04-23,14,FTRCC-BAY
1182,2015-04-23,32,FTRCC-HRZN
1183,2015-04-23,10,FTRCC-TBE
1184,2015-04-23,10,FTRCC-FRSTKORU
1185,2015-04-23,20,FTRCC-SUN1000
1186,2015-04-23,40,FTRCC-BLKWVE1000
1187,2015-04-23,11,FTRCC-GLDSNG
1188,2015-04-23,47,FTRCC-SNG
1189,2015-04-23,11,FTRCC-WSH
1190,2015-04-23,32,FTRCC-BRD
1191,2015-04-23,21,FTRCC-DOT
1192,2015-04-23,3,FTRCC-GRNHRZN
1193,2015-04-23,7,FTRCC-GRNBRD
1194,2015-04-23,6,FTR-MNT
1195,2015-04-23,12,FTR-WOODGRAIN
1196,2015-04-23,14,FTRCC-TSNBLUE
1197,2015-04-23,16,FTRCC-BLUESUN
1198,2015-04-23,10,FTRCC-BLUECAMO
1199,2015-04-23,5,FTRCC-BLBCHSMNT
1200,2015-04-23,34,FTRCC-BTFMNT
1201,2015-04-23,14,FTRCC-TSNMNT
1202,2014-10-28,19,FTRCC-BTF500
1203,2014-10-28,19,FTRCC-BMU750
1204,2014-10-28,20,FTRCC-TSN750
1205,2014-10-28,7,FTRCC-OCN750
1206,2014-10-28,21,FTRCC-BLSM750
1207,2014-10-28,12,FTRCC-SLF750
1208,2014-10-28,11,FTRCC-BLG750
1209,2014-10-28,22,FTRCC-FLK750
1210,2014-10-28,25,FTRCC-BTF750
1211,2014-10-28,14,FTRCC-DLP750
1212,2014-10-28,19,FTRCC-BMB750
1213,2014-10-28,8,FTRCC-AUTUMN
1214,2014-10-28,5,FTRCC-WIND
1215,2014-10-28,7,FTRCC-NOVA
1216,2014-10-28,7,FTRCC-SEA500
1217,2014-10-28,6,FTRCC-ANG
1218,2014-10-28,5,FTRCC-WLK
1219,2014-10-28,16,FTRCC-BLBCHS
1220,2014-10-28,27,FTRCC-BLKWVE
1221,2014-10-28,24,FTRCC-FRST
1222,2014-10-28,11,FTRCC-BIGBLUE
1223,2014-10-28,5,FTRCC-RAINBOW
1224,2014-10-28,15,FTRCC-BSSLET
1225,2014-10-28,26,FTR-SILVER1000
1226,2014-10-28,16,FTR-BLUE1000
1227,2014-10-28,5,FTR-BLUE500
1228,2014-10-28,2,FTR-GRN
1229,2014-10-28,7,FTR-BLUE
1230,2014-10-28,10,FTR-SLV
